iso3,indicator,years,first,last
AUT,SL.UEM.TOTL.ZS,16,2010,2025
AUT,SL.UEM.1524.ZS,16,2010,2025
AUT,SL.TLF.CACT.FE.ZS,16,2010,2025
AUT,NY.GDP.PCAP.PP.KD,16,2010,2025
AUT,NY.GDP.MKTP.KD.ZG,16,2010,2025
AUT,FP.CPI.TOTL.ZG,16,2010,2025
AUT,NV.SRV.TOTL.ZS,16,2010,2025
AUT,SI.POV.GINI,14,2010,2023
AUT,GGXWDG_NGDP,16,2010,2025
AUT,GC.TAX.TOTL.GD.ZS,15,2010,2024
AUT,SP.POP.TOTL,16,2010,2025
AUT,SP.POP.65UP.TO.ZS,16,2010,2025
AUT,SP.DYN.TFRT.IN,15,2010,2024
AUT,SE.TER.ENRR,15,2010,2024
AUT,SE.XPD.TOTL.GD.ZS,13,2010,2022
AUT,SP.DYN.LE00.IN,15,2010,2024
AUT,SH.XPD.CHEX.GD.ZS,15,2010,2024
AUT,IT.NET.USER.ZS,16,2010,2025
AUT,IT.NET.BBND.P2,15,2010,2024
AUT,EG.FEC.RNEW.ZS,12,2010,2021
AUT,EN.GHG.CO2.PC.CE.AR5,15,2010,2024
BEL,SL.UEM.TOTL.ZS,16,2010,2025
BEL,SL.UEM.1524.ZS,16,2010,2025
BEL,SL.TLF.CACT.FE.ZS,16,2010,2025
BEL,NY.GDP.PCAP.PP.KD,16,2010,2025
BEL,NY.GDP.MKTP.KD.ZG,16,2010,2025
BEL,FP.CPI.TOTL.ZG,16,2010,2025
BEL,NV.SRV.TOTL.ZS,16,2010,2025
BEL,SI.POV.GINI,14,2010,2023
BEL,GGXWDG_NGDP,16,2010,2025
BEL,GC.TAX.TOTL.GD.ZS,15,2010,2024
BEL,SP.POP.TOTL,16,2010,2025
BEL,SP.POP.65UP.TO.ZS,16,2010,2025
BEL,SP.DYN.TFRT.IN,15,2010,2024
BEL,SE.TER.ENRR,14,2010,2023
BEL,SE.XPD.TOTL.GD.ZS,13,2010,2022
BEL,SP.DYN.LE00.IN,15,2010,2024
BEL,SH.XPD.CHEX.GD.ZS,14,2010,2023
BEL,IT.NET.USER.ZS,15,2010,2024
BEL,IT.NET.BBND.P2,15,2010,2024
BEL,EG.FEC.RNEW.ZS,12,2010,2021
BEL,EN.GHG.CO2.PC.CE.AR5,15,2010,2024
BGR,SL.UEM.TOTL.ZS,16,2010,2025
BGR,SL.UEM.1524.ZS,16,2010,2025
BGR,SL.TLF.CACT.FE.ZS,16,2010,2025
BGR,NY.GDP.PCAP.PP.KD,16,2010,2025
BGR,NY.GDP.MKTP.KD.ZG,16,2010,2025
BGR,FP.CPI.TOTL.ZG,16,2010,2025
BGR,NV.SRV.TOTL.ZS,16,2010,2025
BGR,SI.POV.GINI,14,2010,2023
BGR,GGXWDG_NGDP,16,2010,2025
BGR,GC.TAX.TOTL.GD.ZS,15,2010,2024
BGR,SP.POP.TOTL,16,2010,2025
BGR,SP.POP.65UP.TO.ZS,16,2010,2025
BGR,SP.DYN.TFRT.IN,15,2010,2024
BGR,SE.TER.ENRR,15,2010,2024
BGR,SE.XPD.TOTL.GD.ZS,13,2010,2022
BGR,SP.DYN.LE00.IN,15,2010,2024
BGR,SH.XPD.CHEX.GD.ZS,14,2010,2023
BGR,IT.NET.USER.ZS,15,2010,2024
BGR,IT.NET.BBND.P2,14,2010,2023
BGR,EG.FEC.RNEW.ZS,12,2010,2021
BGR,EN.GHG.CO2.PC.CE.AR5,15,2010,2024
HRV,SL.UEM.TOTL.ZS,16,2010,2025
HRV,SL.UEM.1524.ZS,16,2010,2025
HRV,SL.TLF.CACT.FE.ZS,16,2010,2025
HRV,NY.GDP.PCAP.PP.KD,16,2010,2025
HRV,NY.GDP.MKTP.KD.ZG,16,2010,2025
HRV,FP.CPI.TOTL.ZG,16,2010,2025
HRV,NV.SRV.TOTL.ZS,16,2010,2025
HRV,SI.POV.GINI,14,2010,2023
HRV,GGXWDG_NGDP,16,2010,2025
HRV,GC.TAX.TOTL.GD.ZS,14,2010,2023
HRV,SP.POP.TOTL,16,2010,2025
HRV,SP.POP.65UP.TO.ZS,16,2010,2025
HRV,SP.DYN.TFRT.IN,15,2010,2024
HRV,SE.TER.ENRR,14,2010,2023
HRV,SE.XPD.TOTL.GD.ZS,8,2010,2021
HRV,SP.DYN.LE00.IN,15,2010,2024
HRV,SH.XPD.CHEX.GD.ZS,14,2010,2023
HRV,IT.NET.USER.ZS,15,2010,2024
HRV,IT.NET.BBND.P2,15,2010,2024
HRV,EG.FEC.RNEW.ZS,12,2010,2021
HRV,EN.GHG.CO2.PC.CE.AR5,15,2010,2024
CYP,SL.UEM.TOTL.ZS,16,2010,2025
CYP,SL.UEM.1524.ZS,16,2010,2025
CYP,SL.TLF.CACT.FE.ZS,16,2010,2025
CYP,NY.GDP.PCAP.PP.KD,16,2010,2025
CYP,NY.GDP.MKTP.KD.ZG,16,2010,2025
CYP,FP.CPI.TOTL.ZG,16,2010,2025
CYP,NV.SRV.TOTL.ZS,16,2010,2025
CYP,SI.POV.GINI,14,2010,2023
CYP,GGXWDG_NGDP,16,2010,2025
CYP,GC.TAX.TOTL.GD.ZS,15,2010,2024
CYP,SP.POP.TOTL,16,2010,2025
CYP,SP.POP.65UP.TO.ZS,16,2010,2025
CYP,SP.DYN.TFRT.IN,15,2010,2024
CYP,SE.TER.ENRR,15,2010,2024
CYP,SE.XPD.TOTL.GD.ZS,11,2010,2022
CYP,SP.DYN.LE00.IN,15,2010,2024
CYP,SH.XPD.CHEX.GD.ZS,14,2010,2023
CYP,IT.NET.USER.ZS,15,2010,2024
CYP,IT.NET.BBND.P2,15,2010,2024
CYP,EG.FEC.RNEW.ZS,12,2010,2021
CYP,EN.GHG.CO2.PC.CE.AR5,15,2010,2024
CZE,SL.UEM.TOTL.ZS,16,2010,2025
CZE,SL.UEM.1524.ZS,16,2010,2025
CZE,SL.TLF.CACT.FE.ZS,16,2010,2025
CZE,NY.GDP.PCAP.PP.KD,16,2010,2025
CZE,NY.GDP.MKTP.KD.ZG,16,2010,2025
CZE,FP.CPI.TOTL.ZG,16,2010,2025
CZE,NV.SRV.TOTL.ZS,16,2010,2025
CZE,SI.POV.GINI,14,2010,2023
CZE,GGXWDG_NGDP,16,2010,2025
CZE,GC.TAX.TOTL.GD.ZS,15,2010,2024
CZE,SP.POP.TOTL,16,2010,2025
CZE,SP.POP.65UP.TO.ZS,16,2010,2025
CZE,SP.DYN.TFRT.IN,15,2010,2024
CZE,SE.TER.ENRR,14,2010,2023
CZE,SE.XPD.TOTL.GD.ZS,13,2010,2022
CZE,SP.DYN.LE00.IN,15,2010,2024
CZE,SH.XPD.CHEX.GD.ZS,15,2010,2024
CZE,IT.NET.USER.ZS,15,2010,2024
CZE,IT.NET.BBND.P2,15,2010,2024
CZE,EG.FEC.RNEW.ZS,12,2010,2021
CZE,EN.GHG.CO2.PC.CE.AR5,15,2010,2024
DNK,SL.UEM.TOTL.ZS,16,2010,2025
DNK,SL.UEM.1524.ZS,16,2010,2025
DNK,SL.TLF.CACT.FE.ZS,16,2010,2025
DNK,NY.GDP.PCAP.PP.KD,16,2010,2025
DNK,NY.GDP.MKTP.KD.ZG,16,2010,2025
DNK,FP.CPI.TOTL.ZG,16,2010,2025
DNK,NV.SRV.TOTL.ZS,16,2010,2025
DNK,SI.POV.GINI,14,2010,2023
DNK,GGXWDG_NGDP,16,2010,2025
DNK,GC.TAX.TOTL.GD.ZS,15,2010,2024
DNK,SP.POP.TOTL,16,2010,2025
DNK,SP.POP.65UP.TO.ZS,16,2010,2025
DNK,SP.DYN.TFRT.IN,15,2010,2024
DNK,SE.TER.ENRR,15,2010,2024
DNK,SE.XPD.TOTL.GD.ZS,12,2010,2022
DNK,SP.DYN.LE00.IN,15,2010,2024
DNK,SH.XPD.CHEX.GD.ZS,15,2010,2024
DNK,IT.NET.USER.ZS,15,2010,2024
DNK,IT.NET.BBND.P2,15,2010,2024
DNK,EG.FEC.RNEW.ZS,12,2010,2021
DNK,EN.GHG.CO2.PC.CE.AR5,15,2010,2024
EST,SL.UEM.TOTL.ZS,16,2010,2025
EST,SL.UEM.1524.ZS,16,2010,2025
EST,SL.TLF.CACT.FE.ZS,16,2010,2025
EST,NY.GDP.PCAP.PP.KD,16,2010,2025
EST,NY.GDP.MKTP.KD.ZG,16,2010,2025
EST,FP.CPI.TOTL.ZG,16,2010,2025
EST,NV.SRV.TOTL.ZS,16,2010,2025
EST,SI.POV.GINI,14,2010,2023
EST,GGXWDG_NGDP,16,2010,2025
EST,GC.TAX.TOTL.GD.ZS,15,2010,2024
EST,SP.POP.TOTL,16,2010,2025
EST,SP.POP.65UP.TO.ZS,16,2010,2025
EST,SP.DYN.TFRT.IN,15,2010,2024
EST,SE.TER.ENRR,15,2010,2024
EST,SE.XPD.TOTL.GD.ZS,13,2010,2022
EST,SP.DYN.LE00.IN,15,2010,2024
EST,SH.XPD.CHEX.GD.ZS,15,2010,2024
EST,IT.NET.USER.ZS,15,2010,2024
EST,IT.NET.BBND.P2,15,2010,2024
EST,EG.FEC.RNEW.ZS,12,2010,2021
EST,EN.GHG.CO2.PC.CE.AR5,15,2010,2024
FIN,SL.UEM.TOTL.ZS,16,2010,2025
FIN,SL.UEM.1524.ZS,16,2010,2025
FIN,SL.TLF.CACT.FE.ZS,16,2010,2025
FIN,NY.GDP.PCAP.PP.KD,16,2010,2025
FIN,NY.GDP.MKTP.KD.ZG,16,2010,2025
FIN,FP.CPI.TOTL.ZG,16,2010,2025
FIN,NV.SRV.TOTL.ZS,16,2010,2025
FIN,SI.POV.GINI,14,2010,2023
FIN,GGXWDG_NGDP,16,2010,2025
FIN,GC.TAX.TOTL.GD.ZS,15,2010,2024
FIN,SP.POP.TOTL,16,2010,2025
FIN,SP.POP.65UP.TO.ZS,16,2010,2025
FIN,SP.DYN.TFRT.IN,15,2010,2024
FIN,SE.TER.ENRR,15,2010,2024
FIN,SE.XPD.TOTL.GD.ZS,13,2010,2022
FIN,SP.DYN.LE00.IN,15,2010,2024
FIN,SH.XPD.CHEX.GD.ZS,14,2010,2023
FIN,IT.NET.USER.ZS,15,2010,2024
FIN,IT.NET.BBND.P2,15,2010,2024
FIN,EG.FEC.RNEW.ZS,12,2010,2021
FIN,EN.GHG.CO2.PC.CE.AR5,15,2010,2024
FRA,SL.UEM.TOTL.ZS,16,2010,2025
FRA,SL.UEM.1524.ZS,16,2010,2025
FRA,SL.TLF.CACT.FE.ZS,16,2010,2025
FRA,NY.GDP.PCAP.PP.KD,16,2010,2025
FRA,NY.GDP.MKTP.KD.ZG,16,2010,2025
FRA,FP.CPI.TOTL.ZG,16,2010,2025
FRA,NV.SRV.TOTL.ZS,16,2010,2025
FRA,SI.POV.GINI,14,2010,2023
FRA,GGXWDG_NGDP,16,2010,2025
FRA,GC.TAX.TOTL.GD.ZS,15,2010,2024
FRA,SP.POP.TOTL,16,2010,2025
FRA,SP.POP.65UP.TO.ZS,16,2010,2025
FRA,SP.DYN.TFRT.IN,15,2010,2024
FRA,SE.TER.ENRR,15,2010,2024
FRA,SE.XPD.TOTL.GD.ZS,6,2017,2022
FRA,SP.DYN.LE00.IN,15,2010,2024
FRA,SH.XPD.CHEX.GD.ZS,15,2010,2024
FRA,IT.NET.USER.ZS,15,2010,2024
FRA,IT.NET.BBND.P2,15,2010,2024
FRA,EG.FEC.RNEW.ZS,12,2010,2021
FRA,EN.GHG.CO2.PC.CE.AR5,15,2010,2024
DEU,SL.UEM.TOTL.ZS,16,2010,2025
DEU,SL.UEM.1524.ZS,16,2010,2025
DEU,SL.TLF.CACT.FE.ZS,16,2010,2025
DEU,NY.GDP.PCAP.PP.KD,16,2010,2025
DEU,NY.GDP.MKTP.KD.ZG,16,2010,2025
DEU,FP.CPI.TOTL.ZG,16,2010,2025
DEU,NV.SRV.TOTL.ZS,16,2010,2025
DEU,SI.POV.GINI,13,2010,2022
DEU,GGXWDG_NGDP,16,2010,2025
DEU,GC.TAX.TOTL.GD.ZS,15,2010,2024
DEU,SP.POP.TOTL,16,2010,2025
DEU,SP.POP.65UP.TO.ZS,16,2010,2025
DEU,SP.DYN.TFRT.IN,15,2010,2024
DEU,SE.TER.ENRR,12,2013,2024
DEU,SE.XPD.TOTL.GD.ZS,13,2010,2022
DEU,SP.DYN.LE00.IN,15,2010,2024
DEU,SH.XPD.CHEX.GD.ZS,15,2010,2024
DEU,IT.NET.USER.ZS,15,2010,2024
DEU,IT.NET.BBND.P2,15,2010,2024
DEU,EG.FEC.RNEW.ZS,12,2010,2021
DEU,EN.GHG.CO2.PC.CE.AR5,15,2010,2024
GRC,SL.UEM.TOTL.ZS,16,2010,2025
GRC,SL.UEM.1524.ZS,16,2010,2025
GRC,SL.TLF.CACT.FE.ZS,16,2010,2025
GRC,NY.GDP.PCAP.PP.KD,16,2010,2025
GRC,NY.GDP.MKTP.KD.ZG,16,2010,2025
GRC,FP.CPI.TOTL.ZG,16,2010,2025
GRC,NV.SRV.TOTL.ZS,16,2010,2025
GRC,SI.POV.GINI,14,2010,2023
GRC,GGXWDG_NGDP,16,2010,2025
GRC,GC.TAX.TOTL.GD.ZS,15,2010,2024
GRC,SP.POP.TOTL,16,2010,2025
GRC,SP.POP.65UP.TO.ZS,16,2010,2025
GRC,SP.DYN.TFRT.IN,15,2010,2024
GRC,SE.TER.ENRR,13,2010,2023
GRC,SE.XPD.TOTL.GD.ZS,5,2015,2022
GRC,SP.DYN.LE00.IN,15,2010,2024
GRC,SH.XPD.CHEX.GD.ZS,14,2010,2023
GRC,IT.NET.USER.ZS,15,2010,2024
GRC,IT.NET.BBND.P2,15,2010,2024
GRC,EG.FEC.RNEW.ZS,12,2010,2021
GRC,EN.GHG.CO2.PC.CE.AR5,15,2010,2024
HUN,SL.UEM.TOTL.ZS,16,2010,2025
HUN,SL.UEM.1524.ZS,16,2010,2025
HUN,SL.TLF.CACT.FE.ZS,16,2010,2025
HUN,NY.GDP.PCAP.PP.KD,16,2010,2025
HUN,NY.GDP.MKTP.KD.ZG,16,2010,2025
HUN,FP.CPI.TOTL.ZG,16,2010,2025
HUN,NV.SRV.TOTL.ZS,16,2010,2025
HUN,SI.POV.GINI,8,2010,2017
HUN,GGXWDG_NGDP,16,2010,2025
HUN,GC.TAX.TOTL.GD.ZS,15,2010,2024
HUN,SP.POP.TOTL,16,2010,2025
HUN,SP.POP.65UP.TO.ZS,16,2010,2025
HUN,SP.DYN.TFRT.IN,15,2010,2024
HUN,SE.TER.ENRR,15,2010,2024
HUN,SE.XPD.TOTL.GD.ZS,13,2010,2022
HUN,SP.DYN.LE00.IN,15,2010,2024
HUN,SH.XPD.CHEX.GD.ZS,14,2010,2023
HUN,IT.NET.USER.ZS,15,2010,2024
HUN,IT.NET.BBND.P2,15,2010,2024
HUN,EG.FEC.RNEW.ZS,12,2010,2021
HUN,EN.GHG.CO2.PC.CE.AR5,15,2010,2024
IRL,SL.UEM.TOTL.ZS,16,2010,2025
IRL,SL.UEM.1524.ZS,16,2010,2025
IRL,SL.TLF.CACT.FE.ZS,16,2010,2025
IRL,NY.GDP.PCAP.PP.KD,16,2010,2025
IRL,NY.GDP.MKTP.KD.ZG,16,2010,2025
IRL,FP.CPI.TOTL.ZG,16,2010,2025
IRL,NV.SRV.TOTL.ZS,16,2010,2025
IRL,SI.POV.GINI,14,2010,2023
IRL,GGXWDG_NGDP,16,2010,2025
IRL,GC.TAX.TOTL.GD.ZS,15,2010,2024
IRL,SP.POP.TOTL,16,2010,2025
IRL,SP.POP.65UP.TO.ZS,16,2010,2025
IRL,SP.DYN.TFRT.IN,15,2010,2024
IRL,SE.TER.ENRR,13,2010,2022
IRL,SE.XPD.TOTL.GD.ZS,12,2010,2021
IRL,SP.DYN.LE00.IN,15,2010,2024
IRL,SH.XPD.CHEX.GD.ZS,15,2010,2024
IRL,IT.NET.USER.ZS,15,2010,2024
IRL,IT.NET.BBND.P2,15,2010,2024
IRL,EG.FEC.RNEW.ZS,12,2010,2021
IRL,EN.GHG.CO2.PC.CE.AR5,15,2010,2024
ITA,SL.UEM.TOTL.ZS,16,2010,2025
ITA,SL.UEM.1524.ZS,16,2010,2025
ITA,SL.TLF.CACT.FE.ZS,16,2010,2025
ITA,NY.GDP.PCAP.PP.KD,16,2010,2025
ITA,NY.GDP.MKTP.KD.ZG,16,2010,2025
ITA,FP.CPI.TOTL.ZG,16,2010,2025
ITA,NV.SRV.TOTL.ZS,16,2010,2025
ITA,SI.POV.GINI,14,2010,2023
ITA,GGXWDG_NGDP,16,2010,2025
ITA,GC.TAX.TOTL.GD.ZS,15,2010,2024
ITA,SP.POP.TOTL,16,2010,2025
ITA,SP.POP.65UP.TO.ZS,16,2010,2025
ITA,SP.DYN.TFRT.IN,15,2010,2024
ITA,SE.TER.ENRR,14,2010,2023
ITA,SE.XPD.TOTL.GD.ZS,13,2010,2022
ITA,SP.DYN.LE00.IN,15,2010,2024
ITA,SH.XPD.CHEX.GD.ZS,15,2010,2024
ITA,IT.NET.USER.ZS,15,2010,2024
ITA,IT.NET.BBND.P2,15,2010,2024
ITA,EG.FEC.RNEW.ZS,12,2010,2021
ITA,EN.GHG.CO2.PC.CE.AR5,15,2010,2024
LVA,SL.UEM.TOTL.ZS,16,2010,2025
LVA,SL.UEM.1524.ZS,16,2010,2025
LVA,SL.TLF.CACT.FE.ZS,16,2010,2025
LVA,NY.GDP.PCAP.PP.KD,16,2010,2025
LVA,NY.GDP.MKTP.KD.ZG,16,2010,2025
LVA,FP.CPI.TOTL.ZG,16,2010,2025
LVA,NV.SRV.TOTL.ZS,16,2010,2025
LVA,SI.POV.GINI,14,2010,2023
LVA,GGXWDG_NGDP,16,2010,2025
LVA,GC.TAX.TOTL.GD.ZS,15,2010,2024
LVA,SP.POP.TOTL,16,2010,2025
LVA,SP.POP.65UP.TO.ZS,16,2010,2025
LVA,SP.DYN.TFRT.IN,15,2010,2024
LVA,SE.TER.ENRR,15,2010,2024
LVA,SE.XPD.TOTL.GD.ZS,13,2010,2022
LVA,SP.DYN.LE00.IN,15,2010,2024
LVA,SH.XPD.CHEX.GD.ZS,14,2010,2023
LVA,IT.NET.USER.ZS,15,2010,2024
LVA,IT.NET.BBND.P2,15,2010,2024
LVA,EG.FEC.RNEW.ZS,12,2010,2021
LVA,EN.GHG.CO2.PC.CE.AR5,15,2010,2024
LTU,SL.UEM.TOTL.ZS,16,2010,2025
LTU,SL.UEM.1524.ZS,16,2010,2025
LTU,SL.TLF.CACT.FE.ZS,16,2010,2025
LTU,NY.GDP.PCAP.PP.KD,16,2010,2025
LTU,NY.GDP.MKTP.KD.ZG,16,2010,2025
LTU,FP.CPI.TOTL.ZG,16,2010,2025
LTU,NV.SRV.TOTL.ZS,16,2010,2025
LTU,SI.POV.GINI,14,2010,2023
LTU,GGXWDG_NGDP,16,2010,2025
LTU,GC.TAX.TOTL.GD.ZS,15,2010,2024
LTU,SP.POP.TOTL,16,2010,2025
LTU,SP.POP.65UP.TO.ZS,16,2010,2025
LTU,SP.DYN.TFRT.IN,15,2010,2024
LTU,SE.TER.ENRR,15,2010,2024
LTU,SE.XPD.TOTL.GD.ZS,13,2010,2022
LTU,SP.DYN.LE00.IN,15,2010,2024
LTU,SH.XPD.CHEX.GD.ZS,15,2010,2024
LTU,IT.NET.USER.ZS,15,2010,2024
LTU,IT.NET.BBND.P2,15,2010,2024
LTU,EG.FEC.RNEW.ZS,12,2010,2021
LTU,EN.GHG.CO2.PC.CE.AR5,15,2010,2024
LUX,SL.UEM.TOTL.ZS,16,2010,2025
LUX,SL.UEM.1524.ZS,16,2010,2025
LUX,SL.TLF.CACT.FE.ZS,16,2010,2025
LUX,NY.GDP.PCAP.PP.KD,16,2010,2025
LUX,NY.GDP.MKTP.KD.ZG,16,2010,2025
LUX,FP.CPI.TOTL.ZG,16,2010,2025
LUX,NV.SRV.TOTL.ZS,16,2010,2025
LUX,SI.POV.GINI,14,2010,2023
LUX,GGXWDG_NGDP,16,2010,2025
LUX,GC.TAX.TOTL.GD.ZS,15,2010,2024
LUX,SP.POP.TOTL,16,2010,2025
LUX,SP.POP.65UP.TO.ZS,16,2010,2025
LUX,SP.DYN.TFRT.IN,15,2010,2024
LUX,SE.TER.ENRR,12,2010,2024
LUX,SE.XPD.TOTL.GD.ZS,9,2012,2022
LUX,SP.DYN.LE00.IN,15,2010,2024
LUX,SH.XPD.CHEX.GD.ZS,15,2010,2024
LUX,IT.NET.USER.ZS,16,2010,2025
LUX,IT.NET.BBND.P2,15,2010,2024
LUX,EG.FEC.RNEW.ZS,12,2010,2021
LUX,EN.GHG.CO2.PC.CE.AR5,15,2010,2024
MLT,SL.UEM.TOTL.ZS,16,2010,2025
MLT,SL.UEM.1524.ZS,16,2010,2025
MLT,SL.TLF.CACT.FE.ZS,16,2010,2025
MLT,NY.GDP.PCAP.PP.KD,16,2010,2025
MLT,NY.GDP.MKTP.KD.ZG,16,2010,2025
MLT,FP.CPI.TOTL.ZG,16,2010,2025
MLT,NV.SRV.TOTL.ZS,16,2010,2025
MLT,SI.POV.GINI,14,2010,2023
MLT,GGXWDG_NGDP,16,2010,2025
MLT,GC.TAX.TOTL.GD.ZS,15,2010,2024
MLT,SP.POP.TOTL,16,2010,2025
MLT,SP.POP.65UP.TO.ZS,16,2010,2025
MLT,SP.DYN.TFRT.IN,15,2010,2024
MLT,SE.TER.ENRR,14,2010,2023
MLT,SE.XPD.TOTL.GD.ZS,11,2010,2022
MLT,SP.DYN.LE00.IN,15,2010,2024
MLT,SH.XPD.CHEX.GD.ZS,14,2010,2023
MLT,IT.NET.USER.ZS,15,2010,2024
MLT,IT.NET.BBND.P2,15,2010,2024
MLT,EG.FEC.RNEW.ZS,12,2010,2021
MLT,EN.GHG.CO2.PC.CE.AR5,15,2010,2024
NLD,SL.UEM.TOTL.ZS,16,2010,2025
NLD,SL.UEM.1524.ZS,16,2010,2025
NLD,SL.TLF.CACT.FE.ZS,16,2010,2025
NLD,NY.GDP.PCAP.PP.KD,16,2010,2025
NLD,NY.GDP.MKTP.KD.ZG,16,2010,2025
NLD,FP.CPI.TOTL.ZG,16,2010,2025
NLD,NV.SRV.TOTL.ZS,16,2010,2025
NLD,SI.POV.GINI,12,2010,2021
NLD,GGXWDG_NGDP,16,2010,2025
NLD,GC.TAX.TOTL.GD.ZS,15,2010,2024
NLD,SP.POP.TOTL,16,2010,2025
NLD,SP.POP.65UP.TO.ZS,16,2010,2025
NLD,SP.DYN.TFRT.IN,15,2010,2024
NLD,SE.TER.ENRR,10,2010,2023
NLD,SE.XPD.TOTL.GD.ZS,13,2010,2022
NLD,SP.DYN.LE00.IN,15,2010,2024
NLD,SH.XPD.CHEX.GD.ZS,15,2010,2024
NLD,IT.NET.USER.ZS,15,2010,2024
NLD,IT.NET.BBND.P2,15,2010,2024
NLD,EG.FEC.RNEW.ZS,12,2010,2021
NLD,EN.GHG.CO2.PC.CE.AR5,15,2010,2024
POL,SL.UEM.TOTL.ZS,16,2010,2025
POL,SL.UEM.1524.ZS,16,2010,2025
POL,SL.TLF.CACT.FE.ZS,16,2010,2025
POL,NY.GDP.PCAP.PP.KD,16,2010,2025
POL,NY.GDP.MKTP.KD.ZG,16,2010,2025
POL,FP.CPI.TOTL.ZG,16,2010,2025
POL,NV.SRV.TOTL.ZS,16,2010,2025
POL,SI.POV.GINI,14,2010,2023
POL,GGXWDG_NGDP,16,2010,2025
POL,GC.TAX.TOTL.GD.ZS,15,2010,2024
POL,SP.POP.TOTL,16,2010,2025
POL,SP.POP.65UP.TO.ZS,16,2010,2025
POL,SP.DYN.TFRT.IN,15,2010,2024
POL,SE.TER.ENRR,15,2010,2024
POL,SE.XPD.TOTL.GD.ZS,13,2010,2022
POL,SP.DYN.LE00.IN,15,2010,2024
POL,SH.XPD.CHEX.GD.ZS,15,2010,2024
POL,IT.NET.USER.ZS,15,2010,2024
POL,IT.NET.BBND.P2,15,2010,2024
POL,EG.FEC.RNEW.ZS,12,2010,2021
POL,EN.GHG.CO2.PC.CE.AR5,15,2010,2024
PRT,SL.UEM.TOTL.ZS,16,2010,2025
PRT,SL.UEM.1524.ZS,16,2010,2025
PRT,SL.TLF.CACT.FE.ZS,16,2010,2025
PRT,NY.GDP.PCAP.PP.KD,16,2010,2025
PRT,NY.GDP.MKTP.KD.ZG,16,2010,2025
PRT,FP.CPI.TOTL.ZG,16,2010,2025
PRT,NV.SRV.TOTL.ZS,16,2010,2025
PRT,SI.POV.GINI,14,2010,2023
PRT,GGXWDG_NGDP,16,2010,2025
PRT,GC.TAX.TOTL.GD.ZS,15,2010,2024
PRT,SP.POP.TOTL,16,2010,2025
PRT,SP.POP.65UP.TO.ZS,16,2010,2025
PRT,SP.DYN.TFRT.IN,15,2010,2024
PRT,SE.TER.ENRR,9,2015,2023
PRT,SE.XPD.TOTL.GD.ZS,12,2010,2022
PRT,SP.DYN.LE00.IN,15,2010,2024
PRT,SH.XPD.CHEX.GD.ZS,15,2010,2024
PRT,IT.NET.USER.ZS,15,2010,2024
PRT,IT.NET.BBND.P2,15,2010,2024
PRT,EG.FEC.RNEW.ZS,12,2010,2021
PRT,EN.GHG.CO2.PC.CE.AR5,15,2010,2024
ROU,SL.UEM.TOTL.ZS,16,2010,2025
ROU,SL.UEM.1524.ZS,16,2010,2025
ROU,SL.TLF.CACT.FE.ZS,16,2010,2025
ROU,NY.GDP.PCAP.PP.KD,16,2010,2025
ROU,NY.GDP.MKTP.KD.ZG,16,2010,2025
ROU,FP.CPI.TOTL.ZG,16,2010,2025
ROU,NV.SRV.TOTL.ZS,16,2010,2025
ROU,SI.POV.GINI,14,2010,2023
ROU,GGXWDG_NGDP,16,2010,2025
ROU,GC.TAX.TOTL.GD.ZS,15,2010,2024
ROU,SP.POP.TOTL,16,2010,2025
ROU,SP.POP.65UP.TO.ZS,16,2010,2025
ROU,SP.DYN.TFRT.IN,15,2010,2024
ROU,SE.TER.ENRR,14,2010,2023
ROU,SE.XPD.TOTL.GD.ZS,13,2010,2022
ROU,SP.DYN.LE00.IN,15,2010,2024
ROU,SH.XPD.CHEX.GD.ZS,14,2010,2023
ROU,IT.NET.USER.ZS,15,2010,2024
ROU,IT.NET.BBND.P2,15,2010,2024
ROU,EG.FEC.RNEW.ZS,12,2010,2021
ROU,EN.GHG.CO2.PC.CE.AR5,15,2010,2024
SVK,SL.UEM.TOTL.ZS,16,2010,2025
SVK,SL.UEM.1524.ZS,16,2010,2025
SVK,SL.TLF.CACT.FE.ZS,16,2010,2025
SVK,NY.GDP.PCAP.PP.KD,16,2010,2025
SVK,NY.GDP.MKTP.KD.ZG,16,2010,2025
SVK,FP.CPI.TOTL.ZG,16,2010,2025
SVK,NV.SRV.TOTL.ZS,16,2010,2025
SVK,SI.POV.GINI,14,2010,2023
SVK,GGXWDG_NGDP,16,2010,2025
SVK,GC.TAX.TOTL.GD.ZS,15,2010,2024
SVK,SP.POP.TOTL,16,2010,2025
SVK,SP.POP.65UP.TO.ZS,16,2010,2025
SVK,SP.DYN.TFRT.IN,15,2010,2024
SVK,SE.TER.ENRR,15,2010,2024
SVK,SE.XPD.TOTL.GD.ZS,13,2010,2022
SVK,SP.DYN.LE00.IN,15,2010,2024
SVK,SH.XPD.CHEX.GD.ZS,14,2010,2023
SVK,IT.NET.USER.ZS,15,2010,2024
SVK,IT.NET.BBND.P2,15,2010,2024
SVK,EG.FEC.RNEW.ZS,12,2010,2021
SVK,EN.GHG.CO2.PC.CE.AR5,15,2010,2024
SVN,SL.UEM.TOTL.ZS,16,2010,2025
SVN,SL.UEM.1524.ZS,16,2010,2025
SVN,SL.TLF.CACT.FE.ZS,16,2010,2025
SVN,NY.GDP.PCAP.PP.KD,16,2010,2025
SVN,NY.GDP.MKTP.KD.ZG,16,2010,2025
SVN,FP.CPI.TOTL.ZG,16,2010,2025
SVN,NV.SRV.TOTL.ZS,16,2010,2025
SVN,SI.POV.GINI,14,2010,2023
SVN,GGXWDG_NGDP,16,2010,2025
SVN,GC.TAX.TOTL.GD.ZS,15,2010,2024
SVN,SP.POP.TOTL,16,2010,2025
SVN,SP.POP.65UP.TO.ZS,16,2010,2025
SVN,SP.DYN.TFRT.IN,15,2010,2024
SVN,SE.TER.ENRR,14,2010,2023
SVN,SE.XPD.TOTL.GD.ZS,13,2010,2022
SVN,SP.DYN.LE00.IN,15,2010,2024
SVN,SH.XPD.CHEX.GD.ZS,15,2010,2024
SVN,IT.NET.USER.ZS,15,2010,2024
SVN,IT.NET.BBND.P2,15,2010,2024
SVN,EG.FEC.RNEW.ZS,12,2010,2021
SVN,EN.GHG.CO2.PC.CE.AR5,15,2010,2024
ESP,SL.UEM.TOTL.ZS,16,2010,2025
ESP,SL.UEM.1524.ZS,16,2010,2025
ESP,SL.TLF.CACT.FE.ZS,16,2010,2025
ESP,NY.GDP.PCAP.PP.KD,16,2010,2025
ESP,NY.GDP.MKTP.KD.ZG,16,2010,2025
ESP,FP.CPI.TOTL.ZG,16,2010,2025
ESP,NV.SRV.TOTL.ZS,16,2010,2025
ESP,SI.POV.GINI,14,2010,2023
ESP,GGXWDG_NGDP,16,2010,2025
ESP,GC.TAX.TOTL.GD.ZS,15,2010,2024
ESP,SP.POP.TOTL,16,2010,2025
ESP,SP.POP.65UP.TO.ZS,16,2010,2025
ESP,SP.DYN.TFRT.IN,15,2010,2024
ESP,SE.TER.ENRR,15,2010,2024
ESP,SE.XPD.TOTL.GD.ZS,13,2010,2022
ESP,SP.DYN.LE00.IN,15,2010,2024
ESP,SH.XPD.CHEX.GD.ZS,14,2010,2023
ESP,IT.NET.USER.ZS,15,2010,2024
ESP,IT.NET.BBND.P2,15,2010,2024
ESP,EG.FEC.RNEW.ZS,12,2010,2021
ESP,EN.GHG.CO2.PC.CE.AR5,15,2010,2024
SWE,SL.UEM.TOTL.ZS,16,2010,2025
SWE,SL.UEM.1524.ZS,16,2010,2025
SWE,SL.TLF.CACT.FE.ZS,16,2010,2025
SWE,NY.GDP.PCAP.PP.KD,16,2010,2025
SWE,NY.GDP.MKTP.KD.ZG,16,2010,2025
SWE,FP.CPI.TOTL.ZG,16,2010,2025
SWE,NV.SRV.TOTL.ZS,16,2010,2025
SWE,SI.POV.GINI,14,2010,2023
SWE,GGXWDG_NGDP,16,2010,2025
SWE,GC.TAX.TOTL.GD.ZS,15,2010,2024
SWE,SP.POP.TOTL,16,2010,2025
SWE,SP.POP.65UP.TO.ZS,16,2010,2025
SWE,SP.DYN.TFRT.IN,15,2010,2024
SWE,SE.TER.ENRR,15,2010,2024
SWE,SE.XPD.TOTL.GD.ZS,13,2010,2022
SWE,SP.DYN.LE00.IN,15,2010,2024
SWE,SH.XPD.CHEX.GD.ZS,15,2010,2024
SWE,IT.NET.USER.ZS,16,2010,2025
SWE,IT.NET.BBND.P2,15,2010,2024
SWE,EG.FEC.RNEW.ZS,12,2010,2021
SWE,EN.GHG.CO2.PC.CE.AR5,15,2010,2024
MNE,SL.UEM.TOTL.ZS,16,2010,2025
MNE,SL.UEM.1524.ZS,16,2010,2025
MNE,SL.TLF.CACT.FE.ZS,16,2010,2025
MNE,NY.GDP.PCAP.PP.KD,16,2010,2025
MNE,NY.GDP.MKTP.KD.ZG,16,2010,2025
MNE,FP.CPI.TOTL.ZG,16,2010,2025
MNE,NV.SRV.TOTL.ZS,16,2010,2025
MNE,SI.POV.GINI,12,2010,2021
MNE,GGXWDG_NGDP,16,2010,2025
MNE,GC.TAX.TOTL.GD.ZS,0,,
MNE,SP.POP.TOTL,16,2010,2025
MNE,SP.POP.65UP.TO.ZS,16,2010,2025
MNE,SP.DYN.TFRT.IN,15,2010,2024
MNE,SE.TER.ENRR,14,2010,2023
MNE,SE.XPD.TOTL.GD.ZS,0,,
MNE,SP.DYN.LE00.IN,15,2010,2024
MNE,SH.XPD.CHEX.GD.ZS,13,2011,2023
MNE,IT.NET.USER.ZS,15,2010,2024
MNE,IT.NET.BBND.P2,15,2010,2024
MNE,EG.FEC.RNEW.ZS,12,2010,2021
MNE,EN.GHG.CO2.PC.CE.AR5,0,,
SRB,SL.UEM.TOTL.ZS,16,2010,2025
SRB,SL.UEM.1524.ZS,16,2010,2025
SRB,SL.TLF.CACT.FE.ZS,16,2010,2025
SRB,NY.GDP.PCAP.PP.KD,16,2010,2025
SRB,NY.GDP.MKTP.KD.ZG,16,2010,2025
SRB,FP.CPI.TOTL.ZG,16,2010,2025
SRB,NV.SRV.TOTL.ZS,16,2010,2025
SRB,SI.POV.GINI,13,2010,2023
SRB,GGXWDG_NGDP,16,2010,2025
SRB,GC.TAX.TOTL.GD.ZS,13,2010,2022
SRB,SP.POP.TOTL,16,2010,2025
SRB,SP.POP.65UP.TO.ZS,16,2010,2025
SRB,SP.DYN.TFRT.IN,15,2010,2024
SRB,SE.TER.ENRR,15,2010,2024
SRB,SE.XPD.TOTL.GD.ZS,8,2011,2023
SRB,SP.DYN.LE00.IN,15,2010,2024
SRB,SH.XPD.CHEX.GD.ZS,14,2010,2023
SRB,IT.NET.USER.ZS,15,2010,2024
SRB,IT.NET.BBND.P2,15,2010,2024
SRB,EG.FEC.RNEW.ZS,12,2010,2021
SRB,EN.GHG.CO2.PC.CE.AR5,0,,
MKD,SL.UEM.TOTL.ZS,16,2010,2025
MKD,SL.UEM.1524.ZS,16,2010,2025
MKD,SL.TLF.CACT.FE.ZS,16,2010,2025
MKD,NY.GDP.PCAP.PP.KD,16,2010,2025
MKD,NY.GDP.MKTP.KD.ZG,16,2010,2025
MKD,FP.CPI.TOTL.ZG,16,2010,2025
MKD,NV.SRV.TOTL.ZS,16,2010,2025
MKD,SI.POV.GINI,10,2010,2019
MKD,GGXWDG_NGDP,16,2010,2025
MKD,GC.TAX.TOTL.GD.ZS,15,2010,2024
MKD,SP.POP.TOTL,16,2010,2025
MKD,SP.POP.65UP.TO.ZS,16,2010,2025
MKD,SP.DYN.TFRT.IN,15,2010,2024
MKD,SE.TER.ENRR,12,2010,2023
MKD,SE.XPD.TOTL.GD.ZS,0,,
MKD,SP.DYN.LE00.IN,15,2010,2024
MKD,SH.XPD.CHEX.GD.ZS,14,2010,2023
MKD,IT.NET.USER.ZS,16,2010,2025
MKD,IT.NET.BBND.P2,15,2010,2024
MKD,EG.FEC.RNEW.ZS,12,2010,2021
MKD,EN.GHG.CO2.PC.CE.AR5,15,2010,2024
ALB,SL.UEM.TOTL.ZS,16,2010,2025
ALB,SL.UEM.1524.ZS,16,2010,2025
ALB,SL.TLF.CACT.FE.ZS,16,2010,2025
ALB,NY.GDP.PCAP.PP.KD,16,2010,2025
ALB,NY.GDP.MKTP.KD.ZG,16,2010,2025
ALB,FP.CPI.TOTL.ZG,16,2010,2025
ALB,NV.SRV.TOTL.ZS,16,2010,2025
ALB,SI.POV.GINI,8,2012,2020
ALB,GGXWDG_NGDP,16,2010,2025
ALB,GC.TAX.TOTL.GD.ZS,14,2011,2024
ALB,SP.POP.TOTL,16,2010,2025
ALB,SP.POP.65UP.TO.ZS,16,2010,2025
ALB,SP.DYN.TFRT.IN,15,2010,2024
ALB,SE.TER.ENRR,15,2010,2024
ALB,SE.XPD.TOTL.GD.ZS,13,2011,2023
ALB,SP.DYN.LE00.IN,15,2010,2024
ALB,SH.XPD.CHEX.GD.ZS,14,2010,2023
ALB,IT.NET.USER.ZS,15,2010,2024
ALB,IT.NET.BBND.P2,15,2010,2024
ALB,EG.FEC.RNEW.ZS,12,2010,2021
ALB,EN.GHG.CO2.PC.CE.AR5,15,2010,2024
BIH,SL.UEM.TOTL.ZS,16,2010,2025
BIH,SL.UEM.1524.ZS,16,2010,2025
BIH,SL.TLF.CACT.FE.ZS,16,2010,2025
BIH,NY.GDP.PCAP.PP.KD,16,2010,2025
BIH,NY.GDP.MKTP.KD.ZG,16,2010,2025
BIH,FP.CPI.TOTL.ZG,16,2010,2025
BIH,NV.SRV.TOTL.ZS,16,2010,2025
BIH,SI.POV.GINI,3,2011,2021
BIH,GGXWDG_NGDP,16,2010,2025
BIH,GC.TAX.TOTL.GD.ZS,15,2010,2024
BIH,SP.POP.TOTL,16,2010,2025
BIH,SP.POP.65UP.TO.ZS,16,2010,2025
BIH,SP.DYN.TFRT.IN,15,2010,2024
BIH,SE.TER.ENRR,14,2010,2023
BIH,SE.XPD.TOTL.GD.ZS,10,2014,2023
BIH,SP.DYN.LE00.IN,15,2010,2024
BIH,SH.XPD.CHEX.GD.ZS,14,2010,2023
BIH,IT.NET.USER.ZS,15,2010,2024
BIH,IT.NET.BBND.P2,15,2010,2024
BIH,EG.FEC.RNEW.ZS,12,2010,2021
BIH,EN.GHG.CO2.PC.CE.AR5,15,2010,2024
EUU,SL.UEM.TOTL.ZS,16,2010,2025
EUU,SL.UEM.1524.ZS,16,2010,2025
EUU,SL.TLF.CACT.FE.ZS,16,2010,2025
EUU,NY.GDP.PCAP.PP.KD,16,2010,2025
EUU,NY.GDP.MKTP.KD.ZG,16,2010,2025
EUU,FP.CPI.TOTL.ZG,16,2010,2025
EUU,NV.SRV.TOTL.ZS,16,2010,2025
EUU,SI.POV.GINI,0,,
EUU,GGXWDG_NGDP,0,,
EUU,GC.TAX.TOTL.GD.ZS,15,2010,2024
EUU,SP.POP.TOTL,16,2010,2025
EUU,SP.POP.65UP.TO.ZS,16,2010,2025
EUU,SP.DYN.TFRT.IN,15,2010,2024
EUU,SE.TER.ENRR,15,2010,2024
EUU,SE.XPD.TOTL.GD.ZS,13,2010,2022
EUU,SP.DYN.LE00.IN,15,2010,2024
EUU,SH.XPD.CHEX.GD.ZS,15,2010,2024
EUU,IT.NET.USER.ZS,0,,
EUU,IT.NET.BBND.P2,13,2010,2022
EUU,EG.FEC.RNEW.ZS,11,2010,2020
EUU,EN.GHG.CO2.PC.CE.AR5,15,2010,2024
